{"cameraMode":{"drawMode":0,"name":"Shaded","section":"Shading Mode"},"sceneLighting":true,"audioPlay":false,"sceneViewState":{"m_AlwaysRefresh":false,"showFog":true,"showSkybox":true,"showFlares":true,"showImageEffects":true,"showParticleSystems":true,"showVisualEffectGraphs":true,"m_FxEnabled":true},"in2DMode":false,"pivot":{"x":0.7422045469284058,"y":1.9447706937789918,"z":-1.6197713613510132},"rotation":{"x":-0.12143459171056748,"y":0.03632163256406784,"z":-0.004439901560544968,"w":-0.9919794797897339},"size":0.2363603413105011,"orthographic":false}